PROMPT StudyHub 자료입력시작

set feedback ON;
set define ON;

DROP TABLE TB_USER CASCADE CONSTRAINTS;
PROMPT DROPPING TB_USER TABLE...
DROP TABLE TB_GROUP CASCADE CONSTRAINTS;
PROMPT DROPPING TB_GROUP TABLE...
DROP TABLE TB_AUTHORITY CASCADE CONSTRAINTS;
PROMPT DROPPING TB_AUTHORITY TABLE...
DROP TABLE TB_UNG CASCADE CONSTRAINTS;
PROMPT DROPPING TB_UNG TABLE...
DROP TABLE TB_CATEGORY CASCADE CONSTRAINTS;
PROMPT DROPPING TB_CATEGORY TABLE...
DROP TABLE TB_ACCESS CASCADE CONSTRAINTS;
PROMPT DROPPING TB_ACCESS TABLE...
DROP TABLE TB_NOTICE CASCADE CONSTRAINTS;
PROMPT DROPPING TB_NOTICE TABLE...
DROP TABLE TB_BOARD CASCADE CONSTRAINTS;
PROMPT DROPPING TB_BOARD TABLE...
DROP TABLE TB_BOARD_COMMENT CASCADE CONSTRAINTS;
PROMPT DROPPING TB_BOARD_COMMENT TABLE...
DROP TABLE TB_FAQ_CATEGORY CASCADE CONSTRAINTS;
PROMPT DROPPING TB_FAQ_CATEGORY TABLE...
DROP TABLE TB_FAQ CASCADE CONSTRAINTS;
PROMPT DROPPING TB_FAQ TABLE...
DROP TABLE TB_QNA CASCADE CONSTRAINTS;
PROMPT DROPPING TB_QNA TABLE...
DROP TABLE TB_QNA_COMMENT CASCADE CONSTRAINTS;
PROMPT DROPPING TB_QNA_COMMENT TABLE..
DROP TABLE TB_G_NOTICE CASCADE CONSTRAINTS;
PROMPT DROPPING TB_G_NOTICE TABLE...
DROP TABLE TB_GN_COMMENT CASCADE CONSTRAINTS;
PROMPT DROPPING TB_GN_COMMENT TABLE...
DROP TABLE TB_G_BOARD CASCADE CONSTRAINTS;
PROMPT DROPPING TB_G_BOARD TABLE...
DROP TABLE TB_GB_COMMENT CASCADE CONSTRAINTS;
PROMPT DROPPING TB_GB_COMMENT TABLE...
DROP TABLE TB_G_QNA CASCADE CONSTRAINTS;
PROMPT DROPPING TB_G_QNA TABLE...
DROP TABLE TB_GQ_COMMENT CASCADE CONSTRAINTS;
PROMPT DROPPING TB_GQ_COMMENT TABLE...
DROP TABLE TB_SCHEDULE CASCADE CONSTRAINTS;
PROMPT DROPPING TB_SCHEDULE TABLE...
DROP TABLE TB_SHARE_FILE CASCADE CONSTRAINTS;
PROMPT DROPPING TB_SHARE_FILE TABLE...
DROP TABLE TB_ON_OFF CASCADE CONSTRAINTS;
PROMPT DROPPING TB_ON_OFF TABLE...
DROP TABLE TB_MESSAGE CASCADE CONSTRAINTS;
PROMPT DROPPING TB_MESSAGE TABLE...
DROP TABLE TB_FILE_CATEGORY CASCADE CONSTRAINTS;
PROMPT DROPPING TB_FILE_CATEGORY TABLE...
DROP VIEW BOARDLISTVIEW CASCADE CONSTRAINTS;
PROMPT DROPPING BOARDLISTVIEW VIEW...


-- 1.유저테이블 생성,,
PROMPT CREATING User TABLE ...
CREATE TABLE TB_USER (
  User_No INTEGER CONSTRAINT PK_USER PRIMARY KEY,
  Email VARCHAR2(30) NOT NULL,
  USer_Name VARCHAR2(20) NOT NULL,
  User_Pwd VARCHAR2(24) NOT NULL,
  Phone VARCHAR2(13),
  User_State INTEGER DEFAULT 0,
  Pwd_State INTEGER DEFAULT 0,
  Delete_Date DATE
);
COMMENT ON COLUMN TB_USER.User_No IS '유저번호';
COMMENT ON COLUMN TB_USER.Email IS '이메일';
COMMENT ON COLUMN TB_USER.User_Name IS '이름';
COMMENT ON COLUMN TB_USER.User_Pwd IS '비밀번호';
COMMENT ON COLUMN TB_USER.Phone IS '전화번호';
COMMENT ON COLUMN TB_USER.User_State IS '사용자상태/0:일반/1:휴면/2:탈퇴';
COMMENT ON COLUMN TB_USER.Pwd_State IS '임시비밀번호상태/0:일반/1:임시';
COMMENT ON COLUMN TB_USER.Delete_Date IS '삭제예정날짜';

-- 2.그룹테이블 생성
PROMPT CREATING Group TABLE..
CREATE TABLE TB_GROUP (
  Group_No INTEGER CONSTRAINT PK_GROUP PRIMARY KEY,
  Group_Name VARCHAR2(50) NOT NULL,
  ATTRIBUTE_NO INTEGER,
  Location VARCHAR2(30),
  Category_No INTEGER,
  DESCRIPTION VARCHAR2(300),
  G_IMG_ORIGINAL VARCHAR2(100),
  G_IMG_RENAME VARCHAR2(100),
  Group_State INTEGER DEFAULT 0,
  Delete_Date DATE
);
COMMENT ON COLUMN TB_GROUP.Group_No IS '그룹번호';
COMMENT ON COLUMN TB_GROUP.Group_Name IS '그룹이름';
COMMENT ON COLUMN TB_GROUP.Attribute_NO IS '온/오프';
COMMENT ON COLUMN TB_GROUP.Location IS '지역';
COMMENT ON COLUMN TB_GROUP.Category_No IS '분류번호';
COMMENT ON COLUMN TB_GROUP.DESCRIPTION IS '그룹설명';
COMMENT ON COLUMN TB_GROUP.G_IMG_ORIGINAL IS '그룹이미지원래이름';
COMMENT ON COLUMN TB_GROUP.G_IMG_RENAME IS '그룹이미지변경이름';
COMMENT ON COLUMN TB_GROUP.Group_State IS '그룹상태/0:일반/1:휴면/2:탈퇴';
COMMENT ON COLUMN TB_GROUP.Delete_Date IS '삭제예정날짜';

-- 3.권한테이블 생성
PROMPT CREATING Authority TABLE...
CREATE TABLE TB_AUTHORITY (
  AUTHORITY_No INTEGER CONSTRAINT PK_AUTH PRIMARY KEY,
  AUTHORITY_Name VARCHAR2(10) NOT NULL
);
COMMENT ON COLUMN TB_AUTHORITY.AUTHORITY_No IS '권한번호';
COMMENT ON COLUMN TB_AUTHORITY.AUTHORITY_Name IS '권한이름';

-- 4.UnG테이블 생성
PROMPT CREATING UNG TABLE...
CREATE TABLE TB_UNG (
  UNG_NO INTEGER CONSTRAINT PK_UNG PRIMARY KEY,
  USER_No INTEGER,
  GROUP_No INTEGER,
  AUTHORITY_No INTEGER,
  UNG_STATE INTEGER DEFAULT 0
);
COMMENT ON COLUMN TB_UNG.UNG_NO IS 'ung번호';
COMMENT ON COLUMN TB_UNG.USER_No IS '유저번호';
COMMENT ON COLUMN TB_UNG.GROUP_No IS '그룹번호';
COMMENT ON COLUMN TB_UNG.AUTHORITY_No IS '권한번호';
COMMENT ON COLUMN TB_UNG.UNG_STATE IS '그룹유저상태/0:대기/1:일반/2:탈퇴';

ALTER TABLE TB_UNG
 ADD CONSTRAINT FK1_UNG FOREIGN KEY(USER_No) REFERENCES TB_USER;
ALTER TABLE TB_UNG
 ADD CONSTRAINT FK2_UNG FOREIGN KEY(GROUP_No) REFERENCES TB_GROUP;
ALTER TABLE TB_UNG
 ADD CONSTRAINT FK3_UNG FOREIGN KEY(AUTHORITY_No) REFERENCES TB_AUTHORITY;
  
-- 5.Category 테이블 생성
PROMPT CREATING CATEGORY TABLE....
CREATE TABLE TB_CATEGORY (
  CATEGORY_NO INTEGER CONSTRAINT PK_CATEGORY PRIMARY KEY,
  CATEGORY_NAME VARCHAR2(30)
);
COMMENT ON COLUMN TB_CATEGORY.CATEGORY_NO IS '분류번호';
COMMENT ON COLUMN TB_CATEGORY.CATEGORY_NAME IS '분류이름';

ALTER TABLE TB_GROUP
  ADD CONSTRAINT FK_GROUP FOREIGN KEY(CATEGORY_NO) REFERENCES TB_CATEGORY;
  
-- 6.Access 테이블 생성
PROMPT CREATING ACCESS TABLE...
CREATE TABLE TB_ACCESS (
  ACCESS_NO  INTEGER CONSTRAINT PK_ACCESS PRIMARY KEY,
  ACCESS_RIGHT  VARCHAR2(100) CHECK(ACCESS_RIGHT IN('전체공개', '회원만', '그룹원만'))
);
COMMENT ON COLUMN TB_ACCESS.ACCESS_NO IS '권한번호';
COMMENT ON COLUMN TB_ACCESS.ACCESS_RIGHT IS '권한이름';

-- 7.전체 공지 테이블 생성
PROMPT CREATING NOTICE TABLE...
CREATE TABLE TB_NOTICE (
  CONTENT VARCHAR2(1000)
);
COMMENT ON COLUMN TB_NOTICE.CONTENT IS '공지내용';
  
-- 9.모집게시판 테이블 생성
PROMPT CREATING BOARD TABLE...
CREATE TABLE TB_BOARD (
  BOARD_NO INTEGER CONSTRAINT PK_BOARD PRIMARY KEY,
  TITLE VARCHAR2(100),
  CONTENT VARCHAR2(1000),
  UPLOAD_DATE DATE DEFAULT SYSDATE,
  DEADLINE_DATE DATE,
  UPLOADER INTEGER,
  JOB_GROUP INTEGER
);
COMMENT ON COLUMN TB_BOARD.BOARD_NO IS '모집글번호';
COMMENT ON COLUMN TB_BOARD.TITLE IS '모집글제목';
COMMENT ON COLUMN TB_BOARD.CONTENT IS '모집글내용';
COMMENT ON COLUMN TB_BOARD.UPLOAD_DATE IS '작성일';
COMMENT ON COLUMN TB_BOARD.DEADLINE_DATE IS '마감일';
COMMENT ON COLUMN TB_BOARD.UPLOADER IS '작성자';
COMMENT ON COLUMN TB_BOARD.UPLOADER IS '모집그룹';

ALTER TABLE TB_BOARD
  ADD CONSTRAINT FK_B_UPLOADER FOREIGN KEY(UPLOADER) REFERENCES TB_UNG;
  
-- 10. 모집게시판 댓글 테이블 생성
PROMPT CREATING BOARD_COMMENT TABLE...
CREATE TABLE TB_BOARD_COMMENT (
  COMMENT_NO INTEGER CONSTRAINT PK_B_COMMENT PRIMARY KEY,
  BOARD_NO INTEGER,
  CONTENT VARCHAR2(1000),
  UPLOAD_DATE DATE DEFAULT SYSDATE,
  USER_NO INTEGER,
  ACCESS_NO INTEGER
);
COMMENT ON COLUMN TB_BOARD_COMMENT.COMMENT_NO IS '모집댓글번호';
COMMENT ON COLUMN TB_BOARD_COMMENT.BOARD_NO IS '모집글번호';
COMMENT ON COLUMN TB_BOARD_COMMENT.CONTENT IS '모집글댓글내용';
COMMENT ON COLUMN TB_BOARD_COMMENT.UPLOAD_DATE IS '작성일';
COMMENT ON COLUMN TB_BOARD_COMMENT.USER_NO IS '작성자';
COMMENT ON COLUMN TB_BOARD_COMMENT.ACCESS_NO IS '접근번호';

ALTER TABLE TB_BOARD_COMMENT
  ADD CONSTRAINT FK_BC_NO FOREIGN KEY(BOARD_NO) REFERENCES TB_BOARD ON DELETE CASCADE;
ALTER TABLE TB_BOARD_COMMENT
  ADD CONSTRAINT FK_BC_USER FOREIGN KEY(USER_NO) REFERENCES TB_USER;
ALTER TABLE TB_BOARD_COMMENT
  ADD CONSTRAINT FK_BC_ACCESS FOREIGN KEY(ACCESS_NO) REFERENCES TB_ACCESS;

-- 11. FAQ 카테고리 테이블 생성
PROMPT CREATING FAQ_CATEGORY TABLE...
CREATE TABLE TB_FAQ_CATEGORY (
  FAQ_CATEGORY_NO INTEGER CONSTRAINT PK_FAQ_C PRIMARY KEY,
  FAQ_CATEGORY_NAME VARCHAR2(100)
);
COMMENT ON COLUMN TB_FAQ_CATEGORY.FAQ_CATEGORY_NO IS 'FAQ분류번호';
COMMENT ON COLUMN TB_FAQ_CATEGORY.FAQ_CATEGORY_NAME IS 'FAQ분류이름';

-- 12. FAQ 게시판 테이블 생성
PROMPT CREATING FAQ TABLE...
CREATE TABLE TB_FAQ (
  FAQ_NO INTEGER CONSTRAINT PK_FAQ PRIMARY KEY,
  TITLE VARCHAR2(100),
  CONTENT VARCHAR2(1000),
  FAQ_CATEGORY_NO INTEGER
);
COMMENT ON COLUMN TB_FAQ.FAQ_NO IS 'FAQ글번호';
COMMENT ON COLUMN TB_FAQ.TITLE IS 'FAQ제목';
COMMENT ON COLUMN TB_FAQ.CONTENT IS 'FAQ내용';
COMMENT ON COLUMN TB_FAQ.FAQ_CATEGORY_NO IS 'FAQ분류번호';

ALTER TABLE TB_FAQ
  ADD CONSTRAINT FK_FAQ_CATEGORY FOREIGN KEY(FAQ_CATEGORY_NO) REFERENCES TB_FAQ_CATEGORY;
  
-- 13. QNA 테이블 생성
PROMPT CREATING QNA TABLE...
CREATE TABLE TB_QNA (
  QNA_NO INTEGER CONSTRAINT PK_QNA PRIMARY KEY,
  TITLE VARCHAR2(100),
  CONTENT VARCHAR2(1000),
  UPLOAD_DATE DATE DEFAULT SYSDATE,
  USER_NO INTEGER,
  ACCESS_NO INTEGER,
  READCOUNT INTEGER
);
COMMENT ON COLUMN TB_QNA.QNA_NO IS 'QNA번호';
COMMENT ON COLUMN TB_QNA.TITLE IS 'QNA제목';
COMMENT ON COLUMN TB_QNA.CONTENT IS 'QNA내용';
COMMENT ON COLUMN TB_QNA.UPLOAD_DATE IS '작성일';
COMMENT ON COLUMN TB_QNA.USER_NO IS '작성자';
COMMENT ON COLUMN TB_QNA.ACCESS_NO IS '접근번호';
COMMENT ON COLUMN TB_QNA.READCOUNT IS '조회수';

ALTER TABLE TB_QNA
  ADD CONSTRAINT FK_QNA_USER FOREIGN KEY(USER_NO) REFERENCES TB_USER;
ALTER TABLE TB_QNA
  ADD CONSTRAINT FK_QNA_ACCESS FOREIGN KEY(ACCESS_NO) REFERENCES TB_ACCESS;

-- 14. QNA댓글 테이블 생성
PROMPT CREATING QNA_COMMENT TABLE...
CREATE TABLE TB_QNA_COMMENT (
  COMMENT_NO INTEGER CONSTRAINT PK_Q_COMMENT PRIMARY KEY,
  QNA_NO INTEGER,
  CONTENT VARCHAR2(1000),
  UPLOAD_DATE DATE DEFAULT SYSDATE,
  USER_NO INTEGER,
  ACCESS_NO INTEGER
);
COMMENT ON COLUMN TB_QNA_COMMENT.COMMENT_NO IS 'QNA댓글번호';
COMMENT ON COLUMN TB_QNA_COMMENT.QNA_NO IS 'QNA번호';
COMMENT ON COLUMN TB_QNA_COMMENT.CONTENT IS 'QNA댓글내용';
COMMENT ON COLUMN TB_QNA_COMMENT.UPLOAD_DATE IS 'Q작성일';
COMMENT ON COLUMN TB_QNA_COMMENT.USER_NO IS '작성자';
COMMENT ON COLUMN TB_QNA_COMMENT.ACCESS_NO IS '접근번호';

ALTER TABLE TB_QNA_COMMENT
  ADD CONSTRAINT FK_QC_NO FOREIGN KEY(QNA_NO) REFERENCES TB_QNA ON DELETE CASCADE;
 ALTER TABLE TB_QNA_COMMENT
  ADD CONSTRAINT FK_QC_USER FOREIGN KEY(USER_NO) REFERENCES TB_USER;
ALTER TABLE TB_QNA_COMMENT
  ADD CONSTRAINT FK_QC_ACCESS FOREIGN KEY(ACCESS_NO) REFERENCES TB_ACCESS;

-- 15. 그룹공지게시판 테이블 생성
PROMPT CREATING G_NOTICE TABLE...
CREATE TABLE TB_G_NOTICE (
  NOTICE_NO INTEGER CONSTRAINT PK_G_NOTICE PRIMARY KEY,
  TITLE VARCHAR2(100),
  CONTENT VARCHAR2(1000),
  UPLOAD_DATE DATE DEFAULT SYSDATE,
  UPLOADER INTEGER,
  ACCESS_NO INTEGER,
  GROUP_NO INTEGER
);
COMMENT ON COLUMN TB_G_NOTICE.NOTICE_NO IS '그룹공지번호';
COMMENT ON COLUMN TB_G_NOTICE.TITLE IS '그룹공지제목';
COMMENT ON COLUMN TB_G_NOTICE.CONTENT IS '그룹공지내용';
COMMENT ON COLUMN TB_G_NOTICE.UPLOAD_DATE IS '작성일';
COMMENT ON COLUMN TB_G_NOTICE.UPLOADER IS '작성자';
COMMENT ON COLUMN TB_G_NOTICE.ACCESS_NO IS '접근번호';
COMMENT ON COLUMN TB_G_NOTICE.GROUP_NO IS '그룹번호';

ALTER TABLE TB_G_NOTICE 
  ADD CONSTRAINT FK_GN_UPLOADER FOREIGN KEY(UPLOADER) REFERENCES TB_UNG;
ALTER TABLE TB_G_NOTICE
  ADD CONSTRAINT FK_GN_ACCESS FOREIGN KEY(ACCESS_NO) REFERENCES TB_ACCESS;
ALTER TABLE TB_G_NOTICE
  ADD CONSTRAINT FK_GN_GROUP FOREIGN KEY(GROUP_NO) REFERENCES TB_GROUP;
  
-- 16.그룹공지 댓글 테이블 생성
PROMPT CREATING GN_COMMENT TABLE...
CREATE TABLE TB_GN_COMMENT (
  COMMENT_NO INTEGER CONSTRAINT PK_GN_COMMENT PRIMARY KEY,
  NOTICE_NO INTEGER,
  CONTENT VARCHAR2(100),
  UPLOAD_DATE DATE DEFAULT SYSDATE,
  UPLOADER INTEGER,
  ACCESS_NO INTEGER
);
COMMENT ON COLUMN TB_GN_COMMENT.COMMENT_NO IS '그룹공지댓글번호';
COMMENT ON COLUMN TB_GN_COMMENT.NOTICE_NO IS '그룹공지번호';
COMMENT ON COLUMN TB_GN_COMMENT.CONTENT IS '그룹공지댓글내용';
COMMENT ON COLUMN TB_GN_COMMENT.UPLOAD_DATE IS '작성일';
COMMENT ON COLUMN TB_GN_COMMENT.UPLOADER IS '작성자';
COMMENT ON COLUMN TB_GN_COMMENT.ACCESS_NO IS '접근번호';

ALTER TABLE TB_GN_COMMENT
  ADD CONSTRAINT FK_GNC_NOTICE FOREIGN KEY(NOTICE_NO) REFERENCES TB_G_NOTICE ON DELETE CASCADE;
ALTER TABLE TB_GN_COMMENT
  ADD CONSTRAINT FK_GNC_UPLOADER FOREIGN KEY(UPLOADER) REFERENCES TB_UNG;
ALTER TABLE TB_GN_COMMENT
  ADD CONSTRAINT FK_GNC_ACCESS FOREIGN KEY(ACCESS_NO) REFERENCES TB_ACCESS;
  
-- 17. 그룹자유게시판 테이블 생성
PROMPT CREATING G_BOARD TABLE...
CREATE TABLE TB_G_BOARD (
  G_BOARD_NO INTEGER CONSTRAINT PK_G_BOARD PRIMARY KEY,
  TITLE VARCHAR2(100),
  CONTENT VARCHAR2(1000),
  UPLOAD_DATE DATE DEFAULT SYSDATE,
  UPLOADER INTEGER,
  ACCESS_NO INTEGER,
  GROUP_NO INTEGER,
  READCOUNT INTEGER
);
COMMENT ON COLUMN TB_G_BOARD.G_BOARD_NO IS '그룹게시판번호';
COMMENT ON COLUMN TB_G_BOARD.TITLE IS '그룹게시판제목';
COMMENT ON COLUMN TB_G_BOARD.CONTENT IS '그룹게시판내용';
COMMENT ON COLUMN TB_G_BOARD.UPLOAD_DATE IS '작성일';
COMMENT ON COLUMN TB_G_BOARD.UPLOADER IS '작성자';
COMMENT ON COLUMN TB_G_BOARD.ACCESS_NO IS '접근번호';
COMMENT ON COLUMN TB_G_BOARD.GROUP_NO IS '그룹번호';
COMMENT ON COLUMN TB_G_BOARD.READCOUNT IS '조회수';

ALTER TABLE TB_G_BOARD
  ADD CONSTRAINT FK_GB_UPLOADER FOREIGN KEY(UPLOADER) REFERENCES TB_UNG;
ALTER TABLE TB_G_BOARD
  ADD CONSTRAINT FK_GB_ACCESS FOREIGN KEY(ACCESS_NO) REFERENCES TB_ACCESS;
ALTER TABLE TB_G_BOARD
  ADD CONSTRAINT FK_GB_GROUP FOREIGN KEY(GROUP_NO) REFERENCES TB_GROUP;
  
-- 18. 그룹게시판 댓글 테이블 생성
PROMPT CREATING GB_COMMENT TABLE...
CREATE TABLE TB_GB_COMMENT (
  COMMENT_NO INTEGER CONSTRAINT PK_GB_COMMENT PRIMARY KEY,
  G_BOARD_NO INTEGER,
  CONTENT VARCHAR2(1000),
  UPLOAD_DATE DATE DEFAULT SYSDATE,
  UPLOADER INTEGER,
  ACCESS_NO INTEGER
);
COMMENT ON COLUMN TB_GB_COMMENT.COMMENT_NO IS '그룹게시판댓글번호';
COMMENT ON COLUMN TB_GB_COMMENT.G_BOARD_NO IS '그룹게시판번호';
COMMENT ON COLUMN TB_GB_COMMENT.CONTENT IS '그룹게시판댓글내용';
COMMENT ON COLUMN TB_GB_COMMENT.UPLOAD_DATE IS '그룹게시판댓글작성일';
COMMENT ON COLUMN TB_GB_COMMENT.UPLOADER IS '작성자';
COMMENT ON COLUMN TB_GB_COMMENT.ACCESS_NO IS '접근번호';

ALTER TABLE TB_GB_COMMENT
  ADD CONSTRAINT FK_GBC_NOTICE FOREIGN KEY(G_BOARD_NO) REFERENCES TB_G_BOARD ON DELETE CASCADE;
ALTER TABLE TB_GB_COMMENT
  ADD CONSTRAINT FK_GBC_UPLOADER FOREIGN KEY(UPLOADER) REFERENCES TB_UNG;
ALTER TABLE TB_GB_COMMENT
  ADD CONSTRAINT FK_GBC_ACCESS FOREIGN KEY(ACCESS_NO) REFERENCES TB_ACCESS;
  
-- 19. 그룹 QNA 게시판 테이블 생성
PROMPT CREATING G_QNA TABLE...
CREATE TABLE TB_G_QNA (
  G_QNA_NO INTEGER CONSTRAINT PK_G_QNA PRIMARY KEY,
  TITLE VARCHAR2(100),
  CONTENT VARCHAR2(1000),
  UPLOAD_DATE DATE DEFAULT SYSDATE,
  UPLOADER INTEGER,
  ACCESS_NO INTEGER,
  GROUP_NO INTEGER
);
COMMENT ON COLUMN TB_G_QNA.G_QNA_NO IS 'QNA글번호';
COMMENT ON COLUMN TB_G_QNA.TITLE IS 'QNA글제목';
COMMENT ON COLUMN TB_G_QNA.CONTENT IS 'QNA글내용';
COMMENT ON COLUMN TB_G_QNA.UPLOAD_DATE IS '작성일';
COMMENT ON COLUMN TB_G_QNA.UPLOADER IS '작성자';
COMMENT ON COLUMN TB_G_QNA.ACCESS_NO IS '접근번호';
COMMENT ON COLUMN TB_G_QNA.GROUP_NO IS '그룹번호';

ALTER TABLE TB_G_QNA
  ADD CONSTRAINT FK_GQ_UPLOADER FOREIGN KEY(UPLOADER) REFERENCES TB_UNG;
ALTER TABLE TB_G_QNA
  ADD CONSTRAINT FK_GQ_ACCESS FOREIGN KEY(ACCESS_NO) REFERENCES TB_ACCESS;
ALTER TABLE TB_G_QNA
  ADD CONSTRAINT FK_GQ_GROUP FOREIGN KEY(GROUP_NO) REFERENCES TB_GROUP;  
  
-- 20. 그룹QNA 댓글 테이블 생성
PROMPT CREATING GQ_COMMENT TABLE...
CREATE TABLE TB_GQ_COMMENT (
  COMMENT_NO INTEGER CONSTRAINT PK_GQ_COMMENT PRIMARY KEY,
  G_QNA_NO INTEGER,
  CONTENT VARCHAR2(1000),
  UPLOAD_DATE DATE DEFAULT SYSDATE,
  UPLOADER INTEGER,
  ACCESS_NO INTEGER
);
COMMENT ON COLUMN TB_GQ_COMMENT.COMMENT_NO IS '그룹QNA댓글번호';
COMMENT ON COLUMN TB_GQ_COMMENT.G_QNA_NO IS 'QNA글번호';
COMMENT ON COLUMN TB_GQ_COMMENT.CONTENT IS '그룹QNA댓글내용';
COMMENT ON COLUMN TB_GQ_COMMENT.UPLOAD_DATE IS '작성일';
COMMENT ON COLUMN TB_GQ_COMMENT.UPLOADER IS '작성자';
COMMENT ON COLUMN TB_GQ_COMMENT.ACCESS_NO IS '접근번호';

ALTER TABLE TB_GQ_COMMENT
  ADD CONSTRAINT FK_GQC_NOTICE FOREIGN KEY(G_QNA_NO) REFERENCES TB_G_QNA ON DELETE CASCADE;
ALTER TABLE TB_GQ_COMMENT
  ADD CONSTRAINT FK_GQC_UPLOADER FOREIGN KEY(UPLOADER) REFERENCES TB_UNG;
ALTER TABLE TB_GQ_COMMENT
  ADD CONSTRAINT FK_GQC_ACCESS FOREIGN KEY(ACCESS_NO) REFERENCES TB_ACCESS;
  
-- 21. 스케줄 테이블 생성
PROMPT CREATING SCHEDULE TABLE...
CREATE TABLE TB_SCHEDULE (
  SCHEDULE_NO INTEGER CONSTRAINT PK_SCHEDULE PRIMARY KEY,
  GROUP_NO INTEGER,
  MEETING_DATE VARCHAR2(200),
  DATETYPEDATE DATE,
  AMPM VARCHAR2(20),
  HOUR VARCHAR2(10),
  MINUTE VARCHAR2(10),
  ONOFF VARCHAR2(50),
  MEETING_NAME VARCHAR2(500)
);
COMMENT ON COLUMN TB_SCHEDULE.SCHEDULE_NO IS '스케줄번호';
COMMENT ON COLUMN TB_SCHEDULE.GROUP_NO IS '그룹번호';
COMMENT ON COLUMN TB_SCHEDULE.MEETING_DATE IS '미팅날짜';
COMMENT ON COLUMN TB_SCHEDULE.AMPM IS 'AMPM'; 
COMMENT ON COLUMN TB_SCHEDULE.HOUR IS '시간';
COMMENT ON COLUMN TB_SCHEDULE.MINUTE IS '분';
COMMENT ON COLUMN TB_SCHEDULE.ONOFF IS '온오프라인';
COMMENT ON COLUMN TB_SCHEDULE.MEETING_NAME IS '미팅이름';
COMMENT ON COLUMN TB_SCHEDULE.DATETYPEDATE IS '데이트타입날짜';

ALTER TABLE TB_SCHEDULE
  ADD CONSTRAINT FK_S_GROUP FOREIGN KEY(GROUP_NO) REFERENCES TB_GROUP;
 alter session set nls_date_format = 'yyyy-MM-dd';
 
--22. File Category 테이블 생성
  PROMPT CREATING FILE_CATEGORY TABLE...
  CREATE TABLE TB_FILE_CATEGORY (
  FILE_CATEGORY_NO INTEGER CONSTRAINT PK_FC_NO PRIMARY KEY,
  FILE_CATEGORY_NAME VARCHAR(50),
  GROUP_NO INTEGER
  );
  
  COMMENT ON COLUMN TB_FILE_CATEGORY.FILE_CATEGORY_NO IS '파일카테고리번호';
  COMMENT ON COLUMN TB_FILE_CATEGORY.FILE_CATEGORY_NAME IS '파일카테고리이름';
  COMMENT ON COLUMN TB_FILE_CATEGORY.GROUP_NO IS '그룹번호';
  
  ALTER TABLE TB_FILE_CATEGORY
  ADD CONSTRAINT FK_FILE_CATEGORY FOREIGN KEY(GROUP_NO) REFERENCES TB_GROUP;  
  
-- 23.파일공유게시판 테이블 생성
PROMPT CREATING SHARE_FILE TABLE...
CREATE TABLE TB_SHARE_FILE (
  FILE_NO INTEGER CONSTRAINT PK_SHARE PRIMARY KEY,
  TITLE VARCHAR2(100),
  CONTENT VARCHAR2(1000),
  UPLOAD_DATE DATE DEFAULT SYSDATE,
  ORIGINALFILENAME VARCHAR2(100),
  RENAMEFILENAME VARCHAR2(100),
  GROUP_NO INTEGER,
  UPLOADER INTEGER,
  ACCESS_NO INTEGER,
  DOWNLOADCOUNT INTEGER,
  FILE_CATEGORY_NO INTEGER
);
COMMENT ON COLUMN TB_SHARE_FILE.FILE_NO IS '파일공유번호';
COMMENT ON COLUMN TB_SHARE_FILE.TITLE IS '파일공유제목';
COMMENT ON COLUMN TB_SHARE_FILE.CONTENT IS '파일공유내용';
COMMENT ON COLUMN TB_SHARE_FILE.UPLOAD_DATE IS '파일공유작성일';
COMMENT ON COLUMN TB_SHARE_FILE.ORIGINALFILENAME IS '원래파일이름';
COMMENT ON COLUMN TB_SHARE_FILE.RENAMEFILENAME IS '바뀐파일이름';
COMMENT ON COLUMN TB_SHARE_FILE.GROUP_NO IS '그룹번호';
COMMENT ON COLUMN TB_SHARE_FILE.UPLOADER IS '작성자';
COMMENT ON COLUMN TB_SHARE_FILE.ACCESS_NO IS '접근번호';
COMMENT ON COLUMN TB_SHARE_FILE.DOWNLOADCOUNT IS '다운로드수';
COMMENT ON COLUMN TB_SHARE_FILE.FILE_CATEGORY_NO IS '파일카테고리번호';
  
ALTER TABLE TB_SHARE_FILE
ADD CONSTRAINT FK_SF_GROUPNO FOREIGN KEY(GROUP_NO) REFERENCES TB_GROUP;
ALTER TABLE TB_SHARE_FILE
  ADD CONSTRAINT FK_SF_UPLOADER FOREIGN KEY(UPLOADER) REFERENCES TB_UNG;
ALTER TABLE TB_SHARE_FILE
  ADD CONSTRAINT FK_SF_ACCESS FOREIGN KEY(ACCESS_NO) REFERENCES TB_ACCESS;
ALTER TABLE TB_SHARE_FILE
ADD CONSTRAINT FK_SF_CATEGORY FOREIGN KEY(FILE_CATEGORY_NO) REFERENCES TB_FILE_CATEGORY;
  
-- 24. ON/OFF 테이블 생성
PROMPT CREATING ON_OFF TABLE...
CREATE TABLE TB_ON_OFF (
  ATTRIBUTE_NO INTEGER CONSTRAINT PK_ON_OFF PRIMARY KEY,
  ATTRIBUTE_NAME VARCHAR2(10) default 2
);
COMMENT ON COLUMN TB_ON_OFF.ATTRIBUTE_NO IS '온오프번호';
COMMENT ON COLUMN TB_ON_OFF.ATTRIBUTE_NAME IS '온오프이름';

ALTER TABLE TB_GROUP
  ADD CONSTRAINT FK_ATTRIBUTE FOREIGN KEY(ATTRIBUTE_NO) REFERENCES TB_ON_OFF;
  
-- 25.  Message 테이블 생성
PROMPT CREATING MESSAGE TABLE...
CREATE TABLE TB_MESSAGE (
  MESSAGE_NO INTEGER CONSTRAINT PK_MESSAGE PRIMARY KEY,
  GROUP_NO INTEGER,
  SENDER INTEGER,
  RECEIVER INTEGER,
  MESSAGE_STATE INTEGER DEFAULT 0,
  MESSAGE VARCHAR2(1000)
);
COMMENT ON COLUMN TB_MESSAGE.MESSAGE_NO IS '메시지번호';
COMMENT ON COLUMN TB_MESSAGE.SENDER IS '보낸이';
COMMENT ON COLUMN TB_MESSAGE.RECEIVER IS '받는이';
COMMENT ON COLUMN TB_MESSAGE.MESSAGE IS '메시지';
COMMENT ON COLUMN TB_MESSAGE.MESSAGE_STATE IS '상태확인 0:가입초대가옴 1:일반메시지 2:읽은메시지(카운트안셈)';
COMMENT ON COLUMN TB_MESSAGE.GROUP_NO IS '그룹번호';

ALTER TABLE TB_MESSAGE
  ADD CONSTRAINT FK_SENDER FOREIGN KEY(SENDER) REFERENCES TB_USER;
ALTER TABLE TB_MESSAGE
  ADD CONSTRAINT FK_RECEIVER FOREIGN KEY(RECEIVER) REFERENCES TB_USER; 
ALTER TABLE TB_MESSAGE
  ADD CONSTRAINT FK_ME_GROUP FOREIGN KEY(GROUP_NO) REFERENCES TB_GROUP;

-- 샘플 데이터 삽입
--- 샘플 데이터 고정값들 
PROMPT INSERT DATA 권한..
INSERT INTO TB_AUTHORITY VALUES(1, '회원');
INSERT INTO TB_AUTHORITY VALUES(2, '그룹장');

PROMPT INSERT DATA 그룹분류..
INSERT INTO TB_CATEGORY VALUES(1, '토익');
INSERT INTO TB_CATEGORY VALUES(2, '영어회화');
INSERT INTO TB_CATEGORY VALUES(3, '중국어');
INSERT INTO TB_CATEGORY VALUES(4, '제2외국어');
INSERT INTO TB_CATEGORY VALUES(5, 'IT/컴퓨터');
INSERT INTO TB_CATEGORY VALUES(6, '독서모임');
INSERT INTO TB_CATEGORY VALUES(7, '취업스터디');
INSERT INTO TB_CATEGORY VALUES(8, '기타');

PROMPT INSERT DATA 온오프...
INSERT INTO TB_ON_OFF VALUES(1, 'ONLINE');
INSERT INTO TB_ON_OFF VALUES(2, 'OFFLINE');

PROMPT INSERT DATA FAQ카테고리...
INSERT INTO TB_FAQ_CATEGORY VALUES(1, '회원가입');
INSERT INTO TB_FAQ_CATEGORY VALUES(2, '스터디찾기');
INSERT INTO TB_FAQ_CATEGORY VALUES(3, '그룹페이지');
INSERT INTO TB_FAQ_CATEGORY VALUES(4, '파일공유관련');

PROMPT INSERT DATA 접근권한...
INSERT INTO TB_ACCESS VALUES(1, '전체공개');
INSERT INTO TB_ACCESS VALUES(2, '회원만');
INSERT INTO TB_ACCESS VALUES(3, '그룹원만');

PROMPT INSERT DATA 유저테이블...
INSERT INTO TB_USER VALUES(1, 'admin@admin.com', '관리자', 'SfdEUQM2JIgd0nFKfYrscw==', '01012345678',DEFAULT,DEFAULT,null);
INSERT INTO TB_USER VALUES(2, 'user11@iei.or.kr', '홍길동', 'XCjWVVthV8jofixe6imDXw==', '01088887777',DEFAULT,DEFAULT,null);
INSERT INTO TB_USER VALUES(3, 'user22@naver.com', '임꺽정', 'yh3pw8j7/zvqckupmfQZZw==', '01033334455',DEFAULT,DEFAULT,null);
INSERT INTO TB_USER VALUES(4, 'user33@google.com', '김구글', 'UNFOEJG5oMkIqjtBEEXayg==', '01099999999',DEFAULT,DEFAULT,null);
INSERT INTO TB_USER VALUES(5, 'user44@daum.net', '박다음', 'e56kSpWp2lFDuvjDQ+k1JQ==', '01022223333',DEFAULT,DEFAULT,null);
INSERT INTO TB_USER VALUES(6, 'user55@yahoo.co.kr', '최야후', 'Fy2xaq6bsZNnJbucjX/Dvw==', '01044442222',DEFAULT,DEFAULT,null);

PROMPT INSERT DATA 그룹생성..
INSERT INTO TB_GROUP VALUES(1, 'TOEIC', 1, '서울', 1, '토익온오프라인모임', null, 'sample.JPG' ,DEFAULT,null);
INSERT INTO TB_GROUP VALUES(2, '영어회화방',  2, '경기도', 2, '만나서회화까지', null, 'sample.JPG',DEFAULT,null);
INSERT INTO TB_GROUP VALUES(3, '정보처리기사' ,1, '서울', 2, '자격증취득을위해', NULL, 'sample.JPG', DEFAULT, NULL);

PROMPT INSERT DATA UNG!...
INSERT INTO TB_UNG VALUES(1,2,1,2,1); -- 유저2번 그룹1번 그룹장
INSERT INTO TB_UNG VALUES(2,3,1,1,1); -- 유저3번 그룹1번 회원
INSERT INTO TB_UNG VALUES(3,5,1,1,1); -- 유저5번 그룹1번 회원
INSERT INTO TB_UNG VALUES(4,6,1,1,1); -- 유저6번 그룹1번 회원
INSERT INTO TB_UNG VALUES(5,4,2,2,1); -- 유저4번 그룹2번 그룹장
INSERT INTO TB_UNG VALUES(6,2,2,1,1); -- 유저2번 그룹2번 회원(유저2번은 그룹1번 그룹장)
INSERT INTO TB_UNG VALUES(7,3,2,1,1); -- 유저3번 그룹2번 회원
INSERT INTO TB_UNG VALUES(8,6,2,1,1); -- 유저6번 그룹2번 회원
INSERT INTO TB_UNG VALUES(9,6,3,2,1); -- 유저6번 그룹3번 그룹장


---추가 
PROMPT INSERT DATA 그룹QNA...
INSERT INTO TB_G_QNA VALUES(1,'모임장소대여','어디가좋을까요',SYSDATE,3,2,2);
INSERT INTO TB_G_QNA VALUES(2,'1','언제에요?',SYSDATE,2,1,1);
INSERT INTO TB_G_QNA VALUES(3,'2','언제에요?',SYSDATE,2,1,1);
INSERT INTO TB_G_QNA VALUES(4,'3','언제에요?',SYSDATE,2,1,1);
INSERT INTO TB_G_QNA VALUES(5,'4','언제에요?',SYSDATE,2,1,1);
INSERT INTO TB_G_QNA VALUES(6,'5','언제에요?',SYSDATE,2,1,1);
INSERT INTO TB_G_QNA VALUES(7,'6','언제에요?',SYSDATE,2,1,1);
INSERT INTO TB_G_QNA VALUES(8,'7','언제에요?',SYSDATE,2,1,1);
INSERT INTO TB_G_QNA VALUES(9,'8','언제에요?',SYSDATE,2,1,1);
INSERT INTO TB_G_QNA VALUES(10,'9','언제에요?',SYSDATE,2,1,1);
INSERT INTO TB_G_QNA VALUES(11,'10','언제에요?',SYSDATE,2,1,1);
INSERT INTO TB_G_QNA VALUES(12,'11','언제에요?',SYSDATE,2,1,1);
INSERT INTO TB_G_QNA VALUES(13,'12','언제에요?',SYSDATE,2,1,1);
INSERT INTO TB_G_QNA VALUES(14,'13','언제에요?',SYSDATE,2,1,1);
INSERT INTO TB_G_QNA VALUES(15,'14','언제에요?',SYSDATE,2,1,1);
INSERT INTO TB_G_QNA VALUES(16,'15','언제에요?',SYSDATE,2,1,1);
INSERT INTO TB_G_QNA VALUES(17,'16','언제에요?',SYSDATE,2,1,1);
INSERT INTO TB_G_QNA VALUES(18,'17','언제에요?',SYSDATE,2,1,1);
INSERT INTO TB_G_QNA VALUES(19,'18','언제에요?',SYSDATE,2,1,1);
INSERT INTO TB_G_QNA VALUES(20,'19','언제에요?',SYSDATE,2,1,1);
INSERT INTO TB_G_QNA VALUES(21,'20','언제에요?',SYSDATE,2,1,1);
INSERT INTO TB_G_QNA VALUES(22,'21','언제에요?',SYSDATE,2,1,1);
INSERT INTO TB_G_QNA VALUES(23,'22','언제에요?',SYSDATE,2,1,1);
INSERT INTO TB_G_QNA VALUES(24,'23','언제에요?',SYSDATE,2,1,1);
INSERT INTO TB_G_QNA VALUES(25,'24','언제에요?',SYSDATE,2,1,1);
INSERT INTO TB_G_QNA VALUES(26,'25','언제에요?',SYSDATE,2,1,1);
INSERT INTO TB_G_QNA VALUES(27,'26','언제에요?',SYSDATE,2,1,1);
INSERT INTO TB_G_QNA VALUES(28,'27','언제에요?',SYSDATE,2,1,1);
INSERT INTO TB_G_QNA VALUES(29,'28','언제에요?',SYSDATE,2,1,1);
INSERT INTO TB_G_QNA VALUES(30,'29','언제에요?',SYSDATE,2,1,1);
INSERT INTO TB_G_QNA VALUES(31,'30','언제에요?',SYSDATE,2,1,1);




PROMPT INSERT DATA 그룹QNA_댓글...
INSERT INTO TB_GQ_COMMENT VALUES(1, 1,'9월27일수요일입니다!',SYSDATE,4,1);
INSERT INTO TB_GQ_COMMENT VALUES(2, 2,'사당역스벅좋아요',SYSDATE,2,2); 
INSERT INTO TB_GQ_COMMENT VALUES(3, 1,'test11',SYSDATE,4,1); 
INSERT INTO TB_GQ_COMMENT VALUES(4, 1,'사당역스벅좋아요',SYSDATE,2,2); 


PROMPT INSERT DATA QNA(사이트)...
INSERT INTO TB_QNA VALUES(1,'STUDYHUB이용','혹시 수수료있나요?',SYSDATE,2,1,1);
INSERT INTO TB_QNA VALUES(2,'STUDYHUB','사진만한꺼번에저장하는기능은없나요?',SYSDATE,3,2,1);

PROMPT INSERT DATA QNA 댓글...
INSERT INTO TB_QNA_COMMENT VALUES(1,1,'수수료는 없습니다',SYSDATE,1,1);
INSERT INTO TB_QNA_COMMENT VALUES(2,2,'아직 없습니다',SYSDATE,1,1);

PROMPT INSERT DATA 일정...
INSERT INTO TB_SCHEDULE VALUES(1,1,'2017년 10월 22일 일요일', '2017-10-27', 'PM', '04', '30', 'ONLINE', '강남역스타벅스');
INSERT INTO TB_SCHEDULE VALUES(2,2,'2017년 10월 27일 금요일', '2017-10-27', 'PM', '06', '50', 'OFFLINE', '학원에서');

PROMPT INSERT DATA 그룹 게시판...
INSERT INTO TB_G_BOARD VALUES(1,'첫글','안녕하세요',SYSDATE,2,2,1,1);
INSERT INTO TB_G_BOARD VALUES(2,'사진','업로드했습니다',SYSDATE,3,2,1,1);

PROMPT INSERT DATA 그룹 게시판 댓글...
INSERT INTO TB_GB_COMMENT VALUES(1,1,'반갑습니다',SYSDATE,3,2);
INSERT INTO TB_GB_COMMENT VALUES(2,2,'감사합니다',SYSDATE,4,2);

PROMPT INSERT DATA 메세지...
INSERT INTO TB_MESSAGE VALUES(1,1,1,2,1,'환영합니다! -STUDYHUB');
INSERT INTO TB_MESSAGE VALUES(2,3,6,2,0,'그룹으로 초대');
INSERT INTO TB_MESSAGE VALUES(3,3,6,3,0,'그룹으로 초대');
INSERT INTO TB_MESSAGE VALUES(4,3,6,4,0,'그룹으로 초대');
INSERT INTO TB_MESSAGE VALUES(5,2,3,6,5,0,'그룹으로 초대');
INSERT INTO TB_MESSAGE VALUES(6,3,6,6,0,'그룹으로 초대');
INSERT INTO TB_MESSAGE VALUES(7,2,6,2,1,'가입초대를 거절하였습니다.');

PROMPT INSERT DATA FAQ...
INSERT INTO TB_FAQ VALUES(1,'아이디가 기억이 안나요','로그인화면 하단에 아이디찾기를 클릭하세요',1);
INSERT INTO TB_FAQ VALUES(2,'글 공개범위는 어떻게바꾸나요?','글쓰기나 수정화면에서 전체공개 또는 그룹공개 가능합니다',3);
INSERT INTO TB_FAQ VALUES(3,'그룹 탈퇴를 하면 내가 쓴 글은 어떻게 되나요?', '탈퇴를 하셔도 그대로 남아있습니다.',3);
INSERT INTO TB_FAQ VALUES(4,'원하는 스터디가 없을 땐 어떻게 만들 수 있나요?', '스터디찾기 목록에서 추가하실수있습니다',2);
INSERT INTO TB_FAQ VALUES(5,'파일공유게시판에 글이 안써져요', '파일이 10Mbyte를 초과하면 파일업로드가 되지 않습니다. 확인해주세요',4);
INSERT INTO TB_FAQ VALUES(6,'파일 카테고리는 어떻게 만드나요?', '그룹장만 설정탭에 들어가서 만드실 수 있습니다.',4);
INSERT INTO TB_FAQ VALUES(7,'비밀번호는 어떻게 찾을 수 있나요?', '비밀번호찾기를 누르시면 이메일로 임시비밀번호를 보내드립니다.',1);
INSERT INTO TB_FAQ VALUES(8,'로그인하지 않고 스터디가입못하나요?','비회원은 참여 불가능합니다. 회원으로 가입해주세요!',1);
INSERT INTO TB_FAQ VALUES(9,'스터디 찾기 어떤 검색기능이 있나요?', '지역별, 온/오프라인별 등 가능합니다', 2);

--추가 II
PROMPT INSERT DATA 전체공지...
INSERT INTO TB_NOTICE VALUES('StudyHub는 누구나 이용할 수 있습니다.');

PROMPT INSERT DATA 파일카테고리....
INSERT INTO TB_FILE_CATEGORY VALUES(1,'기본',1);
INSERT INTO TB_FILE_CATEGORY VALUES(2,'기본',2);

PROMPT INSERT DATA 파일공유 임시데이터...
INSERT INTO TB_SHARE_FILE VALUES(1,'토익800점 어휘','You can do it!',SYSDATE,'토익800어휘',NULL,1,2,3,1,1); --그룹 내 파일공유 게시판이므로 그룹정보를 알수있어야함
INSERT INTO TB_SHARE_FILE VALUES(2,'회화를 위한','You can do it!',SYSDATE,'회화팁',NULL,2,4,3,1,1);

--------------------------------------------------
PROMPT INSERT DATA 모집게시판...
INSERT INTO TB_BOARD VALUES(1, '토익스터디', '장소 : 신촌, 주1회 모여서 스터디',
            '2017-9-27','2017-10-23',2,1);
INSERT INTO TB_BOARD VALUES(2, '영어회화스터디', '장소 : 강남, 주2회 스터디',
            '2017-9-27','2017-10-31',4,2);

            
PROMPT INSERT DATA 모집게시판 댓글...
INSERT INTO TB_BOARD_COMMENT VALUES
(1, 1, '가입원합니다', TO_DATE(SYSDATE), 5, 2);
INSERT INTO TB_BOARD_COMMENT VALUES
(2, 1, '강남 어디인가요?', TO_DATE(SYSDATE), 6, 2);

PROMPT INSERT DATA 그룹 공지 게시판..
INSERT INTO TB_G_NOTICE VALUES
(1, '스터디공지', '1. 매주 토요일 스터디 참석 
2. 하루에 한번은 그룹게시판 방문하여 글 확인', TO_DATE(SYSDATE), 2,3,1);
INSERT INTO TB_G_NOTICE VALUES
(2, '스터디날짜','무슨요일에 모였으면 하시나요? 댓글로 원하는 요일 말해주세요.'
, TO_DATE(SYSDATE), 2, 3,2);

PROMPT INSERT DATA 그룹 공지 게시판 댓글..
INSERT INTO TB_GN_COMMENT VALUES
(1, 1, '확인하였습니다', TO_DATE(SYSDATE), 3, 3);
INSERT INTO TB_GN_COMMENT VALUES
(2, 2, '확인하였습니다', TO_DATE(SYSDATE), 4, 3);

-----------------------------------------------------------------------
-- 모집게시판 뷰 생성
create or replace view boardlistview
as
select rownum rnum, board_no, title, user_no,user_name, content, upload_date, deadline_date, 
case when deadline_date > sysdate then '모집중' 
else '마감' end as status, group_no,group_name, location, category_name, attribute_name, g_img_rename, memberCount 
from(select * from tb_board join tb_user on (tb_board.uploader=tb_user.user_no) 
join tb_ung using(user_no) 
join tb_group using(group_no) 
join tb_on_off using(attribute_no) 
join tb_category using(category_no) 
join (select group_no, count(*) as memberCount 
from tb_ung group by group_no) using(group_no) 
where authority_no=(select authority_no 
from tb_authority where authority_name='그룹장') and job_group=group_no 
order by board_no desc);

PROMPT SELECT VIEW 모집게시판 리스트 출력..
-- 모집게시판 리스트 출력
select * from boardlistview
where rnum >= 1 and rnum <= 10;

PROMPT SELECT VIEW 모집 게시판 글쓰기 그룹리스트 출력..
-- 모집 게시판 글쓰기 그룹리스트 출력
select group_no, group_name
from boardlistview
where user_name = (select user_name from tb_user where user_no = 2) and
group_name not in (select group_name from boardlistview where status = '모집중');
------------------------------------------------------------------------------------------------

COMMIT;

PROMPT StudyHub;

create or replace procedure groupremove
IS
BEGIN
  update tb_group 
  set group_state = 2 
  where to_char(delete_date, 'yyyyMMdd') = to_char(sysdate, 'yyyyMMdd') 
  and group_state = 1;
  COMMIT;
END groupremove;
/
PROMPT 그룹해제 프로시저 등록..

DECLARE
  JOBNO NUMBER;
BEGIN
  DBMS_JOB.SUBMIT
    (JOBNO,
    'studyhub.groupremove;',
    sysdate, 
    'TRUNC(SYSDATE+1)+3/24', 
    FALSE);
  COMMIT;
END;
/
PROMPT 그룹해제 잡 스케줄러 등록..